{
    "Duration": 0.021000146865844727,
    "Id": "1-587c35e2-c21cf7e73003b660d10e33ea",
    "Segments": [
        {
            "Document": {
                "id": "0d4e3ec4f2ec6cc3",
                "start_time": 1484535265.504,
                "end_time": 1484535265.525,
                "trace_id": "1-587c35e2-c21cf7e73003b660d10e33ea",
                "name": "helloservice",
                "aws": {
                    "elastic_beanstalk": {
                        "environment": "dev-env",
                        "version_label": "app-acca-170115_205026",
                        "deployment_id": 13
                    }
                },
                "http": {
                    "request": {
                        "method": "GET",
                        "user_agent": "Mozilla/5.0 (Macintosh; Intel Mac OS X 10_10_5) AppleWebKit/537.36 (KHTML, like Gecko) Chrome/55.0.2883.95 Safari/537.36",
                        "client_ip": "198.179.137.232",
                        "url": "http://dev-env.3tp23hiz9p.us-east-1.elasticbeanstalk.com/"
                    },
                    "response": {
                        "status": 200,
                        "content_length": 0
                    }
                },
                "service": {
                    "version": "1.0.0"
                },
                "subsegments": [
                    {
                        "id": "0b0d5a40769eaafc",
                        "start_time": 1484535265.505,
                        "end_time": 1484535265.525,
                        "name": "localhost",
                        "namespace": "remote",
                        "http": {
                            "request": {
                                "url": "http://localhost:8081/?count=2",
                                "method": "GET",
                                "traced": true
                            },
                            "response": {
                                "status": 200,
                                "content_length": "31"
                            }
                        }
                    }
                ]
            },
            "Id": "0d4e3ec4f2ec6cc3"
        },
        {
            "Document": {
                "id": "f50c3f73d62db285",
                "start_time": 1484535265.512,
                "end_time": 1484535265.522,
                "trace_id": "1-587c35e2-c21cf7e73003b660d10e33ea",
                "name": "helloservice",
                "parent_id": "0b0d5a40769eaafc",
                "aws": {
                    "elastic_beanstalk": {
                        "environment": "dev-env",
                        "version_label": "app-acca-170115_205026",
                        "deployment_id": 13
                    }
                },
                "http": {
                    "request": {
                        "method": "GET",
                        "user_agent": "",
                        "client_ip": "::ffff:127.0.0.1",
                        "url": "http://localhost:8081/"
                    },
                    "response": {
                        "status": 200,
                        "content_length": 0
                    }
                },
                "service": {
                    "version": "1.0.0"
                },
                "subsegments": [
                    {
                        "id": "06b7ad9dfdae682a",
                        "start_time": 1484535265.513,
                        "end_time": 1484535265.521,
                        "name": "localhost",
                        "namespace": "remote",
                        "http": {
                            "request": {
                                "url": "http://localhost:8081/?count=1",
                                "method": "GET",
                                "traced": true
                            },
                            "response": {
                                "status": 200,
                                "content_length": "13"
                            }
                        }
                    }
                ]
            },
            "Id": "f50c3f73d62db285"
        },
        {
            "Document": {
                "id": "d23b5ab55c871471",
                "start_time": 1484535265.514,
                "end_time": 1484535265.517,
                "trace_id": "1-587c35e2-c21cf7e73003b660d10e33ea",
                "name": "helloservice",
                "parent_id": "06b7ad9dfdae682a",
                "aws": {
                    "elastic_beanstalk": {
                        "environment": "dev-env",
                        "version_label": "app-acca-170115_205026",
                        "deployment_id": 13
                    }
                },
                "http": {
                    "request": {
                        "method": "GET",
                        "user_agent": "",
                        "client_ip": "::ffff:127.0.0.1",
                        "url": "http://localhost:8081/"
                    },
                    "response": {
                        "status": 200,
                        "content_length": 0
                    }
                },
                "service": {
                    "version": "1.0.0"
                }
            },
            "Id": "d23b5ab55c871471"
        }
    ]
}